{
  "project_info": {
    "project_number": "265771297433",
    "firebase_url": "https://todo-5c946-default-rtdb.firebaseio.com",
    "project_id": "todo-5c946",
    "storage_bucket": "todo-5c946.appspot.com"
  },
  "client": [
    {
      "client_info": {
        "mobilesdk_app_id": "1:265771297433:android:f4723f7c66288e55e9a608",
        "android_client_info": {
          "package_name": "com.sun.todo"
        }
      },
      "oauth_client": [
        {
          "client_id": "265771297433-iok8eo7u0r8v079d1l0li599dah97agf.apps.googleusercontent.com",
          "client_type": 3
        }
      ],
      "api_key": [
        {
          "current_key": "AIzaSyDlfNk_4yf3CqDYFmDw4ig7zgPPzObOyeE"
        }
      ],
      "services": {
        "appinvite_service": {
          "other_platform_oauth_client": [
            {
              "client_id": "265771297433-iok8eo7u0r8v079d1l0li599dah97agf.apps.googleusercontent.com",
              "client_type": 3
            }
          ]
        }
      }
    }
  ],
  "configuration_version": "1"
}